<?xml version="1.0" encoding="utf-8"?>
<odoo noupdate="1">

    <record id="send_invoice_cron" model="ir.cron">
        <field name="name">automatic invoicing: send ready invoice</field>
        <field name="model_id" ref="payment.model_payment_transaction"/>
        <field name="state">code</field>
        <field name="code">model._cron_send_invoice()</field>
        <field name="user_id" ref="base.user_root"/>
        <field name="interval_number">1</field>
        <field name="interval_type">days</field>
        <field name="active">False</field>
    </record>

</odoo>
