<?xml version="1.0" encoding="UTF-8"?>
<templates xml:space="preserve">
    <t t-name="sale.ComboConfiguratorDialog">
        <Dialog
            title="props.display_name"
            contentClass="'sale-combo-configurator-dialog'"
        >
            <div t-foreach="props.combos" t-as="combo" t-key="combo.id">
                <span
                    name="sale_combo_configurator_title"
                    class="d-inline-block mt-4 mb-3 h4"
                    t-out="combo.name"
                />
                <div class="combo-item-grid d-flex d-md-grid gap-4 pb-2 pb-md-0 overflow-x-auto">
                    <t t-foreach="combo.combo_items" t-as="comboItem" t-key="comboItem.id">
                        <ProductCard
                            product="getSelectedOrProvidedComboItem(combo.id, comboItem).product"
                            extraPrice="comboItem.extra_price"
                            onClick="() => this.selectComboItem(combo.id, comboItem)"
                            isSelected="state.selectedComboItems.get(combo.id)?.id === comboItem.id"
                        />
                    </t>
                </div>
            </div>
            <t t-set-slot="footer">
                <button
                    name="sale_combo_configurator_confirm_button"
                    class="btn btn-primary"
                    t-att-disabled="!areAllCombosSelected || state.isLoading"
                    t-on-click="confirm"
                >
                    Confirm
                </button>
                <button
                    name="sale_combo_configurator_cancel_button"
                    class="btn btn-secondary"
                    t-on-click="cancel"
                >
                    Cancel
                </button>
                <!-- This div acts as a spacer to left-align the elements before it and right-align
                the elements after it. -->
                <div style="flex: 1" class="d-none d-md-block"/>
                <div t-if="this.props.options.showQuantity" class="w-100 w-md-auto mx-0 mx-md-2">
                    <QuantityButtons
                        quantity="state.quantity"
                        setQuantity="quantity => this.setQuantity(quantity)"
                        isMinusButtonDisabled="state.quantity === 1"
                        btnClasses="'d-inline-block w-auto'"
                    />
                </div>
                <div class="d-flex flex-column justify-content-center">
                    <span
                        name="sale_combo_configurator_total"
                        class="h4 mb-0"
                        t-out="totalMessage"
                    />
                    <span
                        t-if="this.props.price_info"
                        t-out="this.props.price_info"
                        class="text-muted"
                    />
                </div>
            </t>
        </Dialog>
    </t>
</templates>
