<?xml version="1.0" encoding="utf-8"?>
<odoo>

     <record id="group_auto_done_setting" model="res.groups">
        <field name="name">Lock Confirmed Sales</field>
        <field name="category_id" ref="base.module_category_hidden"/>
    </record>

    <record id="group_discount_per_so_line" model="res.groups">
        <field name="name">Discount on lines</field>
        <field name="category_id" ref="base.module_category_hidden"/>
    </record>

    <record id="group_warning_sale" model="res.groups">
        <field name="name">A warning can be set on a product or a customer (Sale)</field>
        <field name="category_id" ref="base.module_category_hidden"/>
    </record>

    <record id="group_proforma_sales" model="res.groups">
        <field name="name">Pro-forma Invoices</field>
        <field name="category_id" ref="base.module_category_hidden"/>
    </record>

</odoo>
